{
  "num_factors": 20,
  "num_node_types": 391,
  "matrix_shape": [
    391,
    391
  ],
  "best_iteration": 2400,
  "training_info": {
    "total_iterations": 5100,
    "final_train_loss": 682.5551969213332,
    "final_val_loss": 2324.676271616939,
    "overfitting": 1642.121074695606
  },
  "metrics": {
    "train": {
      "mae": 1.4572848093902961,
      "rmse": 4.2791800487336245,
      "max_error": 203.36038834006803,
      "median_error": 0.5880265942229719
    },
    "validation": {
      "mae": 1.8998302092751664,
      "rmse": 6.588022047949463,
      "max_error": 219.39999999999992,
      "median_error": 0.6622779292736491
    }
  },
  "best_parameters": {
    "num_factors": 20,
    "learning_rate": 0.0001,
    "regularization": 0.2
  }
}