{
  "total_input_tokens": 1096474,
  "total_output_tokens": 977496,
  "total_tokens": 2073970,
  "total_cost": 12.516145000000003,
  "avg_cost_per_template": 0.012516145000000003,
  "templates_with_cost": 1000,
  "currency": "USD"
}