{
  "total_templates": 1000,
  "successful_evaluations": 1000,
  "failed_evaluations": 0,
  "node_accuracy": {
    "mean_f1": 0.36153919856819433,
    "median_f1": 0.33333333333333337,
    "std_f1": 0.22462378904680766,
    "min_f1": 0.0,
    "max_f1": 1.0
  },
  "connection_accuracy": {
    "mean_f1": 0.1573684315761106,
    "median_f1": 0.1,
    "std_f1": 0.20699167474623498,
    "min_f1": 0.0,
    "max_f1": 1.0
  },
  "parameter_accuracy": {
    "mean": 0.14396835590515927,
    "median": 0.07508169934640523,
    "std": 0.186350183890146,
    "min": 0.0,
    "max": 1.0
  },
  "cost_tracking": {
    "total_input_tokens": 1096474,
    "total_output_tokens": 977496,
    "total_tokens": 2073970,
    "total_cost": 12.516145000000003,
    "avg_cost_per_template": 0.012516145000000003,
    "templates_with_cost": 1000,
    "currency": "USD"
  }
}